employee_id,department,age,salary,years_exp,performance,satisfaction,overtime_hrs
1001,HR,41.0,,16.0,Excellent,3.7427598584751998,1.7819501195560352
1002,Finance,46.0,61192.014313965,11.0,Low,8.464551983729622,5.198775432802587
1003,Sales,43.0,87324.31633936122,26.0,High,3.5336907857343696,18.285827271425898
1004,Finance,34.0,62391.74751940732,7.0,Excellent,8.85478455609515,9.388574993123456
1005,Finance,40.0,56695.1724000727,24.0,Medium,2.013223513707433,0.1193889170775825
1006,Marketing,57.0,79922.07364580364,13.0,Low,7.333173797147162,11.441468746111294
1007,Sales,33.0,96035.66934031801,3.0,Low,5.866286289804193,7.643863453550762
1008,Sales,40.0,70052.64498279791,0.0,Medium,1.8688102317589674,7.579194241744998
1009,Sales,33.0,,0.0,Low,3.177044454329551,3.0624072642822298
1010,Finance,30.0,91148.34722165602,18.0,High,1.111636326495833,2.5375331299759782
1011,HR,28.0,91810.54500503113,15.0,Low,5.218911689180553,1.804244849911565
1012,Sales,49.0,74230.16559960518,13.0,Medium,3.711387346840003,99.87582074000196
1013,Finance,35.0,66130.40215029422,20.0,Excellent,6.38521735867983,1.2953782521651376
1014,Marketing,52.0,76653.11918890063,15.0,High,3.675140269377555,1.4158190425046666
1015,HR,40.0,71181.77017223314,4.0,High,3.699272003562862,3.308989422796835
1016,Marketing,37.0,81259.48303633704,8.0,Medium,7.6887387885844305,6.880619413033578
1017,HR,26.0,51114.591463084944,25.0,High,1.4332855238051811,3.2104629430782743
1018,Finance,56.0,80543.63158717494,29.0,Medium,9.126054956727884,0.29792445031242043
1019,Engineering,33.0,60633.93167658502,27.0,Medium,8.670374869520632,15.825467021983783
1020,HR,46.0,93117.75222981005,1.0,Low,7.0102421490376585,14.299395811760219
1021,Marketing,42.0,61550.64301258969,17.0,Excellent,6.338994130966459,7.689996178639589
1022,Finance,57.0,61897.80465618136,5.0,Medium,9.03072248325687,23.738222416799715
1023,HR,44.0,83907.97648823481,,Medium,2.66797161575843,3.931603883231449
1024,Engineering,37.0,75284.23777632395,,Medium,1.7107224597174575,16.4529803989145
1025,Engineering,35.0,120533.03252797676,8.0,Medium,3.155591529185843,0.39307926724584913
1026,Sales,52.0,42413.94778891496,24.0,High,8.151204508301714,2.276014498231384
1027,Sales,26.0,77197.05893909489,15.0,High,1.31203240053835,1.2769216469929554
1028,Marketing,56.0,97592.98969944741,12.0,High,6.245261515751407,1.089742122761541
1029,HR,44.0,63433.72154145398,8.0,Low,9.95893764572179,0.758784936855425
1030,HR,50.0,56788.843105202395,20.0,Medium,8.701264844537855,4.8697798619599055
1031,Sales,32.0,57582.70704707343,12.0,Medium,5.693011201392305,7.600771455615799
1032,HR,39.0,42760.77640699831,8.0,Low,1.572768183579781,4.3172866134791335
1033,HR,33.0,101994.0925462139,,Medium,8.482361629471388,0.7947600783391258
1034,Engineering,30.0,68407.65316387183,3.0,High,6.390806573594895,8.333316729073271
1035,Sales,31.0,66039.4572039954,1.0,Low,2.0343969735361016,5.052384941086984
1036,Finance,38.0,32518.038513396525,28.0,Medium,1.844715563410206,2.4564689738889043
1037,Sales,59.0,46325.82855076231,5.0,Medium,9.186641374929332,5.60628828533534
1038,Finance,28.0,104307.79511038188,13.0,Low,7.022802366442706,1.5048834729935856
1039,Engineering,34.0,81062.11332201157,,Medium,8.4635811938508,2.117067672469814
1040,Marketing,30.0,98330.01659850212,5.0,Excellent,8.910810102540406,12.473927009813524
1041,HR,48.0,,18.0,High,6.1459511684349,1.71600566445232
1042,Engineering,23.0,54987.59438854119,5.0,Excellent,5.657017165795372,3.174280685649471
1043,HR,26.0,123596.95457307938,1.0,Medium,4.873846692888912,11.042794021308753
1044,Marketing,50.0,113994.6519120246,17.0,Low,3.8525192901200738,6.150238259218661
1045,Marketing,58.0,63724.6711575393,12.0,Medium,4.911363647728406,0.32111006237036377
1046,Engineering,59.0,3635.8940128023532,8.0,Medium,7.964916901571407,0.7967553170232788
1047,Marketing,40.0,67869.35820111846,22.0,High,6.417310879136184,0.039362488619868075
1048,Finance,29.0,79765.92524242897,18.0,Low,9.032709609593615,4.983733534007458
1049,Marketing,22.0,63645.61930448619,12.0,Medium,4.99042012941269,2.9680789350511687
1050,HR,43.0,70569.55806630566,10.0,Medium,6.463806208468786,0.7209390029505175
1051,HR,38.0,58426.83927324411,0.0,Medium,6.681767977827898,15.842591716576111
1052,HR,28.0,93432.69436707695,23.0,High,6.32527446075693,3.7714942731423133
1053,HR,46.0,76272.6648073711,29.0,Medium,7.323703957769647,1.3846556515460238
1054,Finance,25.0,94030.28125885908,21.0,Medium,3.1369012153732565,3.4717752602625778
1055,Sales,57.0,99444.06692415875,6.0,Medium,5.611273997912116,5.691242631366281
1056,Engineering,27.0,31513.528718267058,24.0,Medium,1.938023225275129,0.39651067385025407
1057,HR,52.0,59589.55578331794,20.0,High,4.460601948803313,1.6058758829254645
1058,Marketing,40.0,62519.41412718913,14.0,Excellent,5.38900361759138,8.22443151175426
1059,HR,48.0,126427.44719377566,0.0,Excellent,6.870018335909252,3.0778286077867363
1060,Marketing,31.0,77980.10733800649,11.0,High,9.55477947327583,3.9546506380290176
1061,Marketing,47.0,91251.21192726129,25.0,Medium,6.405859598935203,2.8353575840115566
1062,HR,40.0,37386.16461450978,6.0,High,7.692345245589038,0.22446354450078515
1063,Finance,24.0,77864.30904995043,14.0,Medium,5.556394535456825,0.9061094871259683
1064,Marketing,34.0,94565.85964232514,20.0,Medium,6.706936282386982,2.9488178371113802
1065,Marketing,49.0,92239.30170120312,18.0,High,1.638389945203961,1.17345904124512
1066,HR,41.0,87467.98877832704,27.0,Low,3.289524227576623,0.2563560976806342
1067,Marketing,49.0,,28.0,Excellent,4.256677838846248,9.278280231937154
1068,Marketing,29.0,76231.37241250902,24.0,Medium,5.252440195058622,19.867505515976198
1069,HR,22.0,,0.0,High,1.4108387095214536,7.878634682838712
1070,HR,24.0,56989.34229625713,16.0,High,2.2602168779798593,9.613383011347391
1071,Engineering,34.0,79618.87912776327,16.0,Excellent,3.491328770121752,1.3852086135460566
1072,Finance,49.0,60680.48386147589,2.0,High,9.743794218109455,16.17337177429394
1073,Finance,46.0,88776.76494065569,11.0,High,3.9821230639274567,1.096540234206891
1074,Marketing,54.0,84335.65100529724,5.0,Low,5.338369523008743,15.123726591010257
1075,Finance,59.0,102347.40509443988,25.0,Medium,2.764879414645536,26.314069659946476
1076,Marketing,27.0,,10.0,Medium,6.497020639681915,6.219163908423409
1077,Engineering,53.0,79545.22818269135,2.0,High,3.5261489396437686,19.85454944713223
1078,HR,42.0,,7.0,Medium,2.8629332059458408,4.214501812797032
1079,HR,37.0,95102.04324599312,13.0,High,5.649153656013811,1.5024303624615976
1080,HR,42.0,64851.25428184035,13.0,Low,1.0495521924437874,2.872341714964048
1081,Finance,32.0,68413.38003360396,9.0,Low,1.0689762938430278,4.501606318808089
1082,Engineering,58.0,73063.47925213179,1.0,High,2.9716192819167198,0.3794485110692194
1083,Finance,57.0,65489.38911671301,13.0,Low,1.3304922625073903,4.868848016974755
1084,Finance,56.0,95313.73890126968,8.0,Low,1.9722317871762223,19.86360103937694
1085,Engineering,40.0,62453.78916645392,2.0,Low,4.049745844048765,1.0542697055766685
1086,Engineering,41.0,100033.02942799649,20.0,Excellent,8.223271116218315,7.865412180781225
1087,Engineering,39.0,67660.53602239235,25.0,High,6.148437790323707,11.924336194756286
1088,Engineering,35.0,84447.93285678717,7.0,Medium,5.614009533607748,14.38544517946248
1089,HR,36.0,78328.30297525777,15.0,Medium,3.6413994088730948,16.111358472240994
1090,Sales,52.0,55480.40383416666,1.0,Medium,9.385783474895348,3.685073610284772
1091,Sales,22.0,74602.2054101842,5.0,High,4.573135371134725,18.92869392429678
1092,Engineering,24.0,81672.87062901194,27.0,High,1.7838349011619434,7.079856118620867
1093,Sales,37.0,73714.14625779004,20.0,Medium,6.5535986450602115,0.8817258724042814
1094,Sales,44.0,48145.86882987432,28.0,Medium,2.0245455412894127,3.2399141606916015
1095,Engineering,32.0,109028.58487052342,25.0,Low,4.107008285215229,6.33511639460626
1096,Sales,33.0,76753.98965723472,24.0,High,5.56670744846028,1.4207104998989795
1097,Finance,31.0,59113.948496729565,,High,8.868002722166583,5.116807762306764
1098,Marketing,53.0,,4.0,Medium,5.441919223061068,5.492068727594814
1099,Marketing,37.0,87347.7961944065,1.0,Low,7.3203288942849785,0.887862718992548
1100,Engineering,29.0,50996.60007196781,15.0,Low,9.935351550991633,4.16302693854329
1101,HR,59.0,54110.10507200243,,Excellent,2.1834020790818345,7.38387316020698
1102,Engineering,33.0,70552.10560224316,14.0,Medium,3.4725837296756756,3.45470472579968
1103,HR,45.0,80946.13957699644,11.0,High,4.551184680378817,0.060884779438501666
1104,Marketing,49.0,87455.99662927844,3.0,High,4.796453606849482,0.045397819254521424
1105,Engineering,29.0,94003.56959057135,14.0,Medium,4.699189677389912,2.2082809591005335
1106,Finance,49.0,85791.44812800286,10.0,Medium,9.168499023008994,13.03158088526201
1107,Sales,57.0,101934.91957281991,15.0,Low,7.426293800201708,1.2982388548195847
1108,HR,47.0,77535.8631936094,22.0,High,6.471146926816334,5.0305806252761
1109,Sales,29.0,59807.212390435554,5.0,High,3.784354460765039,1.2556313986525485
1110,Sales,49.0,74932.98260682053,13.0,High,8.414113457991652,1.9406068427327785
1111,Engineering,49.0,73620.38679308417,17.0,Medium,9.5955446033649,9.420758508770627
1112,Sales,58.0,23435.691406750164,11.0,Low,8.390784542952039,6.525626528131986
1113,Finance,57.0,63772.66281808683,26.0,Excellent,1.0140859467232561,0.501308115183345
1114,Sales,48.0,81284.07465900901,10.0,High,6.727612331650663,2.799221753900893
1115,Engineering,38.0,66515.68869576427,12.0,Medium,1.4602184329789065,0.14801829901126068
1116,Finance,30.0,62075.812763540016,20.0,Excellent,3.318464983003497,3.2781987731790285
1117,Marketing,54.0,93227.52391609128,22.0,High,1.5357223031299452,5.429971334477727
1118,Sales,41.0,56669.08350449121,10.0,High,6.43415907654449,0.630666267184792
1119,Engineering,34.0,89232.45300941647,22.0,High,7.179309221433461,1.7046051616351723
1120,Marketing,-49.0,48345.11058423431,15.0,High,2.030388742593146,2.5361324214142518
1121,Marketing,50.0,130215.23871452367,,High,4.454549947404815,12.59941784148555
1122,HR,34.0,70686.28946197485,20.0,Low,5.106128580599878,24.994780379511752
1123,Finance,56.0,68534.69421407887,27.0,Medium,4.321477195848249,0.2297553109084137
1124,Sales,27.0,97861.31805779837,14.0,Excellent,2.0892250043667375,7.156624401502873
1125,Engineering,39.0,66625.90318387102,24.0,Medium,4.770530111687279,2.323879121527445
1126,HR,26.0,104098.55616651333,3.0,Medium,7.760602430275763,2.4916713844208656
1127,Finance,46.0,82431.87660973053,10.0,Medium,1.639068980799299,7.017507254976709
1128,HR,23.0,72632.04198907541,18.0,Medium,1.7216201267371312,12.531249964185863
1129,Finance,31.0,70499.88193259249,14.0,High,4.192941626523858,15.07239393293603
1130,Finance,51.0,99151.84340860523,3.0,Excellent,9.475531404570326,82.62768465958636
1131,Sales,26.0,79609.74429207006,20.0,Medium,7.017153820506227,2.20899500324707
1132,Finance,54.0,83646.1746238154,12.0,Low,7.108029610053083,7.745221547885493
1133,HR,22.0,85820.03745207257,21.0,Medium,4.257279917540785,1.445090711393864
1134,Finance,39.0,77658.72370445382,18.0,Excellent,6.342947120876846,4.151414204758868
1135,Sales,53.0,85397.44452699966,1.0,High,1.0911806562496904,2.2203420593832677
1136,Sales,32.0,72633.53154638018,13.0,Medium,6.72486441768588,5.344749114938969
1137,HR,42.0,74003.82736346849,28.0,High,9.21958252818613,1.3748093444425482
1138,Marketing,47.0,52617.70143946583,3.0,Excellent,6.513161215103373,1.063447836422213
1139,Marketing,46.0,80955.20501836794,15.0,High,8.863287341197106,12.519779908948435
1140,Finance,43.0,40609.17986575559,20.0,Excellent,7.515757499194844,0.5368330935189589
1141,Engineering,48.0,80671.16141221827,19.0,Medium,2.085025747633212,3.5256727920490882
1142,Finance,34.0,69387.67967670372,,High,9.122079765572575,1.2477763444526255
1143,HR,54.0,82491.70218901956,26.0,Medium,1.597994599201974,0.19853996856933326
1144,HR,55.0,54023.433318366486,28.0,High,5.805707252929874,0.1834175280566355
1145,HR,56.0,32612.85263922716,,High,2.279234114141119,0.9632037172916342
1146,HR,22.0,67982.69386052921,27.0,High,1.1053594965781366,10.078404909353614
1147,HR,42.0,54081.74662285803,2.0,High,4.798308341148751,1.6597635333402472
1148,Sales,27.0,39388.86633579035,7.0,Medium,3.6553663688874063,15.024790562678799
1149,Marketing,49.0,90359.6653938914,15.0,Medium,5.374004444178427,4.356853245869319
1150,HR,38.0,107024.76454284081,9.0,Excellent,6.194798980610957,87.92382066881159
1151,Engineering,26.0,,3.0,Excellent,1.393651650780526,4.338560505970516
1152,Engineering,52.0,73484.58345557093,29.0,Low,2.1070296561137107,3.6355717949754327
1153,Engineering,26.0,68844.28766640375,17.0,Medium,6.027781568053828,7.110151842746742
1154,Engineering,59.0,260898.50654979015,1.0,Low,4.088506178553924,1.6598842419936322
1155,Sales,24.0,88274.74427776042,16.0,High,7.562561387945032,2.1774343626131327
1156,Engineering,44.0,95202.82920857237,12.0,High,6.8706248373274565,11.226031136902604
1157,HR,58.0,57627.85621468791,3.0,Medium,8.610439266909161,14.636305584720752
1158,Finance,58.0,75895.33734189808,25.0,Medium,7.2324354400230275,11.154031145986536
1159,Engineering,31.0,100690.66067867789,24.0,High,4.869379696511333,2.71887946748747
1160,Sales,31.0,88780.72406429944,29.0,High,7.056699601549892,7.578952457757636
1161,Sales,40.0,399524.5644502771,10.0,Medium,3.4784305682987666,3.2345225620584084
1162,Engineering,38.0,102359.70614884829,6.0,High,3.756821489003914,3.441194749736848
1163,Finance,42.0,102096.903447465,11.0,Medium,8.10086643928714,1.1450543335802255
1164,Engineering,35.0,95572.85260606132,9.0,Medium,5.01777564761424,4.471793817869971
1165,Sales,30.0,77898.74829562362,6.0,High,8.185423064665173,1.0298093873716538
1166,Marketing,22.0,67350.33965083817,12.0,High,8.401801363014506,2.014078347864592
1167,HR,34.0,77069.5553062637,6.0,Excellent,8.718061038951554,9.656149226451774
1168,Sales,25.0,64311.86627953263,23.0,High,9.249717122570866,1.1601382995655154
1169,Engineering,22.0,35950.26253978635,,High,4.878866984619666,0.36908468501513136
1170,HR,53.0,69410.0186839992,9.0,Medium,3.8698013648902494,0.35752078534477316
1171,Engineering,55.0,82150.5248767444,28.0,Medium,6.2397887193470245,14.13286146641773
1172,Engineering,49.0,63254.61164467642,9.0,Low,4.340551810938648,3.5354236725789976
1173,Marketing,52.0,71144.40425522784,23.0,Medium,6.4096675012020965,2.6331837490083188
1174,HR,29.0,71919.26568066535,3.0,High,7.350272763794422,8.326830208309165
1175,HR,47.0,102137.13548437777,19.0,Excellent,7.195645166429232,9.034139994404848
1176,Marketing,55.0,67811.25451950196,3.0,Low,4.370975983181092,2.018765620314438
1177,Sales,24.0,102132.66764366909,21.0,Medium,2.501741815288775,5.914613885831744
1178,Engineering,33.0,20750.190163040526,6.0,High,4.874764046159868,7.37284866529631
1179,Finance,22.0,101957.11562658072,,Medium,2.283347296737179,5.315994361736102
1180,Engineering,26.0,100948.12229725248,0.0,High,9.010873316654274,0.8219862551402466
1181,Engineering,51.0,93045.09346778384,11.0,High,4.112897146640717,10.43265641370974
1182,Sales,51.0,34761.63993592457,23.0,High,2.390137725009914,3.872811802854619
1183,Engineering,38.0,95377.73990444961,12.0,Medium,1.229029839151758,1.6597195097022186
1184,Marketing,44.0,73997.61648649498,9.0,Medium,6.8124014765783585,2.7689108059388405
1185,Marketing,36.0,24413.2512015068,14.0,High,6.732120857092689,0.19147537851351137
1186,HR,58.0,100963.55415669392,26.0,High,4.065437499231625,0.68406557923332
1187,Finance,42.0,103883.46157097936,12.0,Low,1.6454069996288592,7.252495367560702
1188,Engineering,35.0,36909.758562696574,,High,4.686660054057088,5.817411525216162e-05
1189,Engineering,23.0,78508.42150600225,21.0,Low,3.800957455570542,2.6941182510663553
1190,Sales,32.0,102771.82242888365,21.0,High,7.094085757615084,3.6960622046693654
1191,Marketing,59.0,99603.22626914294,,Medium,6.452013245074213,0.2809178457824846
1192,Finance,55.0,91721.22102319048,21.0,Excellent,4.28134355377786,18.074087681393877
1193,HR,59.0,22054.942402049826,27.0,Medium,2.961032988294911,1.281726725915564
1194,Marketing,55.0,89590.85533271628,8.0,Medium,9.892323695400327,1.813455880670851
1195,HR,39.0,70637.92203252115,25.0,Low,5.086014590765034,1.811615123619793
1196,Sales,51.0,,8.0,Medium,7.194468122022133,1.3095301511269732
1197,Sales,36.0,80123.2291686765,14.0,Excellent,2.264976708205247,0.00737454615192529
1198,Engineering,48.0,74602.3677942227,,Excellent,5.37030729693458,6.534547855373437
1199,Finance,55.0,87818.07698818472,23.0,Medium,1.2478304788251893,17.032884094513744
1200,HR,59.0,,25.0,Medium,5.549096061194049,1.269905152221055
1201,Marketing,54.0,74514.45440216117,24.0,High,9.67615666405932,5.439061967302936
1202,Sales,45.0,63895.520017424766,28.0,Excellent,4.457860416872202,6.77196970640312
1203,Engineering,36.0,42891.820176308756,9.0,High,1.3509641131742043,9.433386140185174
1204,Engineering,51.0,86357.06947542542,7.0,Medium,1.2786021182740916,2.746352896936128
1205,HR,38.0,58879.3936065886,23.0,Medium,4.4918808395218255,1.8043537102967462
1206,Sales,26.0,70984.16267918532,15.0,High,2.4402244281687464,1.967399596573177
1207,Finance,50.0,80739.47916907867,16.0,Low,1.2101688669536732,6.234772679962116
1208,Sales,25.0,33295.64712869122,25.0,High,7.805922525551591,8.485323753150265
1209,HR,31.0,37773.02192646353,26.0,Medium,5.126707079937016,1.002105658208199
1210,HR,38.0,69005.22846781595,4.0,High,3.603202947753891,2.317651199833902
1211,Sales,31.0,84091.26964599312,3.0,Low,9.100748647148327,11.610888745885164
1212,HR,-38.0,89880.76541298322,17.0,High,2.0452506418047305,8.217391843646855
1213,Sales,41.0,43173.71008248186,23.0,Medium,9.603269460597874,20.951547693411882
1214,Marketing,45.0,87732.6296882563,18.0,High,3.8257004563961754,7.017167191600205
1215,Sales,26.0,70098.60763367327,3.0,Low,8.995633050778132,2.497740614418322
1216,Sales,55.0,,27.0,High,6.426485888315154,4.46577511649979
1217,HR,27.0,62028.962878812585,6.0,High,8.440366237673388,5.408986102064621
1218,HR,23.0,91037.14664080333,9.0,High,9.856118468894179,0.4085227772741556
1219,Engineering,34.0,80480.11570171143,,High,3.5956489403687115,3.9317644317620526
1220,Engineering,32.0,76006.13045510641,17.0,High,9.650219368668337,6.177675616784138
1221,Marketing,44.0,79869.914776158,18.0,High,4.505337054121783,0.9155371515647235
1222,Engineering,37.0,93561.95553232387,3.0,Medium,4.4696071426323005,7.5850165298705585
1223,Sales,52.0,73058.00865193353,9.0,High,4.063483938290551,115.48477268894794
1224,HR,32.0,76086.37772908474,0.0,Medium,5.872668466128267,15.20592755555257
1225,Engineering,37.0,97763.4148027561,22.0,Low,2.387305388606384,0.2167420526105625
1226,Engineering,29.0,68368.26751473683,17.0,Low,5.983403368222101,1.5416430140471902
1227,Marketing,25.0,87362.81190561363,4.0,Medium,5.875343311690036,4.600914975811219
1228,Marketing,25.0,64925.91038653717,14.0,High,7.85711631344383,1.758862845523176
1229,Sales,46.0,66682.65317176431,16.0,High,8.50284965743827,6.266238300943795
1230,HR,24.0,72919.00486400726,2.0,High,4.963972152811817,7.114901324549239
1231,Marketing,53.0,,11.0,Medium,3.7209992441634436,0.5407997301929703
1232,Engineering,24.0,98883.63925102138,1.0,Medium,3.33401407585385,3.606236217725379
1233,HR,48.0,76930.9052707755,0.0,Low,2.7516145303438475,3.5554413749490776
1234,HR,50.0,45003.26177352911,22.0,Medium,1.5188282397912238,2.304472380936284
1235,Engineering,53.0,87628.92587067875,20.0,Medium,4.08203180951242,13.509709168835878
1236,Marketing,40.0,124076.84348291418,16.0,Low,3.4322292291770493,8.78697340064041
1237,Engineering,42.0,77173.37662134701,21.0,Medium,9.697756472797666,5.973568708741899
1238,HR,26.0,40824.64721640841,15.0,High,6.019379436250396,6.264531019127748
1239,Finance,39.0,238226.41768977937,4.0,High,4.125493351274568,3.096846221146379
1240,Finance,49.0,74939.74793632321,14.0,Excellent,6.224208408943264,12.691190378560188
1241,Sales,43.0,291930.1639319145,2.0,Excellent,2.2527703121112594,5.9305895666710455
1242,Engineering,42.0,93908.19799954265,27.0,High,4.996393742819826,6.527832886776416
1243,Engineering,27.0,102565.49572671448,6.0,Medium,6.636108892789575,9.89132135435786
1244,Sales,22.0,88671.71490402166,10.0,High,5.400080486132063,1.6015193846438724
1245,Sales,26.0,72338.83830657863,9.0,High,4.616009205888918,8.227162675622996
1246,Sales,33.0,97513.57568739259,8.0,Low,9.944635500097284,1.0860596594951664
1247,HR,47.0,45123.40717571518,13.0,Medium,8.922832859340343,2.1182112208300725
1248,Engineering,55.0,60678.87758532011,12.0,High,6.610653623434961,2.044433181351139
1249,HR,35.0,62907.444427965405,28.0,Medium,6.124396250640545,19.204438111263077
1250,Sales,47.0,74380.98704136131,24.0,High,6.585944318421257,9.708398381862212
1251,Engineering,48.0,85134.69324973675,29.0,High,2.8118089704018994,6.03939982992444
1252,HR,30.0,70985.74103325432,24.0,Medium,4.5562396893788675,6.492457117101072
1253,HR,47.0,56879.284109954504,1.0,Medium,1.3551357960180939,4.128512898420655
1254,Sales,43.0,,2.0,Medium,5.27991433738144,14.695877652546008
1255,Engineering,-51.0,,6.0,Low,5.887221255618969,3.4284627066052793
1256,Sales,38.0,77042.57841742068,20.0,Low,3.0497476249288864,2.394355828410854
1257,Engineering,47.0,86021.35490951815,17.0,High,9.676259624489624,0.8898671397007586
1258,Finance,57.0,75777.55215845894,,Medium,9.185091498435177,7.7137035894156
1259,Marketing,22.0,75865.4338948858,,Medium,7.499289119103153,6.629646409861012
1260,Marketing,29.0,95609.4684087166,21.0,Medium,5.800479658888263,2.4254242142454214
1261,Marketing,56.0,,28.0,Excellent,8.829722436829165,0.1275810047719554
1262,Sales,36.0,92255.93971580979,6.0,Medium,2.1758710944111663,9.131671580553208
1263,Finance,43.0,85893.34888636779,8.0,Medium,8.114588148473965,0.057418345521317776
1264,Engineering,35.0,115337.75088373832,16.0,Excellent,2.1233873257016347,6.0819104033011895
1265,HR,47.0,83188.2683573826,10.0,High,8.147895962944649,17.57582578969906
1266,Engineering,49.0,87759.46540301546,6.0,Medium,3.481908114262213,2.8782549581847943
1267,HR,44.0,97033.13427992736,23.0,High,8.8938152291637,1.3392234052435346
1268,Engineering,35.0,76272.3551990034,27.0,Medium,9.49637884442858,6.101713820598991
1269,Finance,45.0,62242.93806541118,13.0,Medium,2.3391637246460406,8.494848005046627
1270,HR,23.0,65517.08837753086,18.0,Low,5.164080445588541,3.953031815944503
1271,Sales,47.0,65709.86148995024,3.0,Low,9.828886403464166,17.061586182015414
1272,Engineering,35.0,55993.38063606563,25.0,High,5.35066692375832,0.2652569402128082
1273,Engineering,28.0,,5.0,Medium,8.771927702630906,3.5139233446428686
1274,HR,24.0,62409.66903901832,9.0,Medium,6.298583699181878,6.337296236748891
1275,Sales,44.0,78897.05642403694,6.0,High,4.377969171276417,9.925767462153395
1276,Sales,39.0,71826.51112578728,12.0,High,3.5720519997328317,0.9877178007997744
1277,Finance,59.0,74167.5701341497,13.0,Medium,2.8290078197747857,8.047276607020212
1278,Sales,56.0,86121.13295657712,3.0,High,7.856183722399275,4.022707936999149
1279,Sales,36.0,64162.017512229046,7.0,Low,4.478864561407251,2.5254909675138966
1280,Sales,46.0,87777.82091873547,,High,5.60147915980676,0.7061765505724636
1281,Marketing,58.0,106346.15733277904,0.0,High,5.430929320010637,10.023368553021275
1282,Finance,49.0,81862.18165903517,3.0,Excellent,6.195511263098181,0.8555623193815549
1283,Engineering,31.0,59358.08629455062,2.0,Low,8.79019431062097,1.8537813911121623
1284,HR,38.0,62699.63977320408,8.0,Low,9.826654092250864,1.712772202638604
1285,Engineering,43.0,,7.0,Medium,4.668257877164352,10.255788018501551
1286,Finance,47.0,63102.194058608686,0.0,Medium,8.447670298956726,5.584436228630647
1287,HR,46.0,55176.393807799,26.0,Medium,7.8807501518924585,7.964905291553204
1288,Finance,38.0,78088.14553923384,5.0,Excellent,6.1617605631001595,1.4415306609661314
1289,Sales,34.0,70576.05336548403,8.0,Medium,9.604424292507398,4.902467874882831
1290,HR,41.0,78794.41767116117,6.0,Medium,2.804270639755625,4.24019381061268
1291,Sales,46.0,98727.74824430575,3.0,High,1.9833778927865926,8.943731370964587
1292,Engineering,25.0,70272.94332151281,12.0,Medium,8.6856577025988,11.826935506050372
1293,Engineering,31.0,51291.59990639378,16.0,High,4.952348349703735,0.061156347044856244
1294,HR,24.0,67022.15015492898,27.0,Low,8.622719687863544,5.60459500444768
1295,HR,39.0,90408.50434233285,1.0,Medium,9.037811846758734,0.2661379202311137
1296,Finance,57.0,88535.4054143391,27.0,Low,1.562118342571643,3.979873036849448
1297,Finance,43.0,85372.79295227134,4.0,Low,8.951182866874547,1.69580835284943
1298,Sales,55.0,62505.865536757934,11.0,Excellent,5.0348714983248,1.8320148226473094
1299,HR,29.0,,26.0,Low,5.59389240103809,2.1767242483955855
1300,Engineering,40.0,94537.98156074132,20.0,Medium,6.639332599838892,4.854955025691306
1301,Finance,58.0,61091.56740220048,7.0,Medium,9.33744346057078,2.03270317391417
1302,Finance,27.0,74168.59804914951,5.0,Medium,1.1720448498678762,6.596900519963843
1303,Engineering,47.0,115408.03927364224,7.0,Excellent,5.291591214860354,2.591999393869146
1304,Finance,55.0,,17.0,Low,7.189498381875046,0.35400753206794394
1305,Sales,27.0,40898.2666151255,2.0,High,7.5043626192840565,7.656828242916668
1306,HR,58.0,102658.08868929598,21.0,Excellent,7.232791883833972,1.6826694647585692
1307,Engineering,54.0,97732.0954340912,11.0,High,2.2099161646730967,2.8349245633047144
1308,HR,43.0,,28.0,Excellent,3.694560295345131,5.782963935159129
1309,Finance,42.0,72740.16436263827,25.0,Low,4.228439728753122,2.020751043452489
1310,Finance,27.0,50501.298996220954,2.0,Medium,8.239934869115544,0.29124851911949046
1311,Engineering,27.0,76779.04545219404,21.0,Medium,3.508838851730977,2.3413939642607366
1312,Sales,25.0,98318.27430742802,5.0,High,2.8963446748048285,14.452231245840162
1313,Marketing,51.0,64147.90316483444,1.0,Excellent,9.617032171342865,5.13240330335556
1314,Engineering,32.0,92542.03957572585,22.0,Medium,1.07976956602122,5.565774843475207
1315,Marketing,51.0,,11.0,High,9.980387701137804,5.002196783680692
1316,Marketing,52.0,286196.7803841644,1.0,Medium,7.091391689716561,1.109422589643863
1317,Sales,45.0,65313.81638827264,5.0,High,8.456223695042054,2.7092932275544612
1318,Marketing,30.0,67907.51634133012,16.0,Medium,3.6515745671157385,6.95030319049337
1319,Marketing,24.0,38064.551310571966,2.0,Excellent,1.1288374990035397,0.5344356102718182
1320,Sales,52.0,63666.611749797885,1.0,High,7.64082566705377,1.627631248216475
1321,Marketing,58.0,98269.70916062518,22.0,Medium,8.507301373006083,1.61702370654051
1322,Marketing,57.0,56413.35611795453,29.0,Low,7.664285187581672,2.8283359202299048
1323,Marketing,45.0,59393.9669228619,19.0,Medium,2.285652585707547,19.65316066639828
1324,Engineering,52.0,87803.79647414248,7.0,Medium,7.7808513003127215,0.3494442924806149
1325,Engineering,27.0,83055.36583986187,21.0,Medium,7.920305038968769,3.6563328435297366
1326,Engineering,23.0,88797.26499592602,11.0,Excellent,6.926864641030494,0.9883823033775565
1327,Sales,41.0,51735.58919819193,25.0,High,7.895043395160275,17.646837926128867
1328,Finance,49.0,126281.15898600692,3.0,Medium,8.613292957099588,0.6012626257777125
1329,Marketing,32.0,50684.932516655,4.0,Low,6.522437028137126,2.584226883898694
1330,Marketing,25.0,78084.94627468137,12.0,Excellent,1.7974424257271115,6.694859411838541
1331,Sales,36.0,71826.89008262828,28.0,High,5.388650287004898,6.09635324351578
1332,Marketing,27.0,51267.16965269905,14.0,Low,1.6988440120444457,2.747214115099548
1333,Engineering,51.0,67595.811543735,24.0,High,4.667887279291877,2.127248644659102
1334,Finance,59.0,75466.1520177174,22.0,Medium,4.663958402130649,2.5342707571706296
1335,HR,23.0,62000.5357627306,15.0,Low,1.5940885972621741,1.5345029413501967
1336,Marketing,36.0,93744.47243069699,9.0,Medium,4.139384805725314,1.1491602143566875
1337,Engineering,32.0,71767.48509075058,29.0,Medium,1.9989828891218335,3.298945959341901
1338,HR,29.0,48174.50657963427,29.0,Medium,8.274116890083,1.5635210297696756
1339,Finance,47.0,46477.489346614064,24.0,Excellent,9.529192233680236,1.694607823168569
1340,HR,26.0,87123.30181222913,22.0,High,1.6508482773214475,5.3465694969159205
1341,Engineering,27.0,45264.58434599328,15.0,High,9.596036865625313,17.294767846531578
1342,HR,47.0,81328.52146098168,11.0,Medium,5.703189394030707,4.627126634713337
1343,Sales,25.0,83893.10371333918,,Medium,3.696091101584865,0.4005189942997255
1344,HR,40.0,55092.89272151966,15.0,High,1.6917586774854716,0.39296337244275537
1345,Marketing,41.0,92814.76167549781,11.0,Medium,5.50561841263376,15.12304828716215
1346,Marketing,54.0,40644.127524767355,7.0,Low,8.150639900416738,1.7640605735917971
1347,Sales,41.0,80929.17867997117,19.0,Medium,7.363778295400284,0.4829233816040338
1348,Engineering,33.0,74182.84132807983,2.0,High,1.4520341031757638,4.56952523879412
1349,Marketing,22.0,72620.04048538212,15.0,Medium,1.6561165183111317,4.886162356502919
1350,Finance,47.0,51442.06714038855,29.0,Low,4.625859543693734,5.227796404115659
1351,Marketing,35.0,56259.55991200148,,High,3.6576144464314897,1.5557909833478298
1352,Marketing,59.0,107376.04050041195,22.0,Medium,3.0914589075044305,0.07613006942445556
1353,Engineering,58.0,99303.10017743507,27.0,Medium,3.5290404901784225,16.764232206039814
1354,HR,32.0,89841.69177047597,18.0,Medium,8.23134468967196,1.4443675475963291
1355,Marketing,57.0,93796.96207059376,7.0,Medium,9.363052482686685,5.635464512230804
1356,Sales,34.0,91920.27089342538,21.0,High,4.645924250748098,6.13160112225038
1357,HR,24.0,68532.87575427582,4.0,Medium,9.154999019192473,96.7939479074527
1358,Finance,54.0,,19.0,Medium,3.8934613112309377,1.876430992420446
1359,Engineering,27.0,45549.83243917982,7.0,Excellent,5.287932877094125,1.5810679551628297
1360,Finance,31.0,73206.08746384947,23.0,Excellent,3.0342609803439977,4.552391816101794
1361,HR,26.0,98668.28499078374,11.0,Excellent,6.7642843795825955,10.053147087469952
1362,HR,44.0,,0.0,Medium,9.81083003657328,14.662259804712816
1363,HR,31.0,95462.82409374452,24.0,Medium,6.431437864390408,0.5597207257871357
1364,Finance,23.0,76831.71477387527,29.0,Excellent,4.22032675702194,0.841079234315485
1365,HR,34.0,47292.56268660535,20.0,High,6.830357013914755,14.478191298494597
1366,Finance,23.0,52853.60973307377,19.0,Low,2.106286106188488,6.669178069043613
1367,HR,41.0,93386.0573941551,5.0,Low,8.997931722388588,10.727642831722235
1368,Sales,22.0,86050.4817051677,21.0,Medium,5.527755557018527,1.1321988527499602
1369,HR,58.0,77035.28145975251,17.0,Excellent,5.0441476783567785,4.428636336323545
1370,Finance,30.0,,7.0,Medium,6.272783096081673,6.038893427855406
1371,Marketing,38.0,79211.35955257171,6.0,Medium,6.623054765104622,5.6989199317458885
1372,HR,30.0,92605.92498506498,0.0,Low,1.6459822560386173,2.622524557519717
1373,Marketing,32.0,104517.0656097457,20.0,High,7.143554991010622,0.07757311732207486
1374,Sales,36.0,105473.68398881209,15.0,High,3.177385122839766,4.372458755453356
1375,Engineering,45.0,82439.19801516997,11.0,Medium,7.4255736925593085,1.4591301618925725
1376,Sales,59.0,71561.36619270958,5.0,High,8.40281314945777,2.9914968667385016
1377,HR,56.0,77924.96015637711,19.0,Excellent,8.235626567972684,15.800796297502718
1378,Marketing,51.0,85442.40714510159,1.0,Medium,5.972508706671002,2.546095554848561
1379,Marketing,52.0,85361.33887690183,28.0,Medium,5.68152903079676,9.156711367572209
1380,Finance,26.0,101159.7327428021,13.0,Medium,2.2858836520547055,1.0446046558564828
1381,Marketing,35.0,117315.1144383331,3.0,High,7.978115353628221,5.580733072314863
1382,Finance,32.0,70894.90740771827,0.0,High,3.4426844240204293,18.86281737842832
1383,Engineering,30.0,118117.69817648924,,High,5.470258805361519,0.5373308821031382
1384,HR,55.0,98444.78493516787,17.0,High,3.5584668363476504,0.04177373062622429
1385,Finance,33.0,72983.54019629584,12.0,Medium,2.2044552669972384,2.8421217841253443
1386,Engineering,56.0,104971.2967773016,1.0,Excellent,6.666019272025629,0.48599997869304995
1387,Marketing,56.0,108712.96602838329,8.0,Medium,1.4889883134061344,6.899262764478805
1388,Marketing,22.0,65794.09111612306,20.0,Medium,7.7378071071358,12.29904116448158
1389,Engineering,43.0,109644.30504971296,1.0,High,3.85828115735005,2.8459912786061885
1390,Marketing,50.0,96501.65642071927,,High,1.001212237040368,1.4968279124765962
1391,Engineering,29.0,122371.18255958383,24.0,Medium,5.6001622531350685,2.849370162666727
1392,Finance,32.0,66519.22836001002,8.0,Excellent,1.4216671767484281,6.426778759780297
1393,Finance,58.0,67931.46512528008,0.0,Excellent,3.4855260203880953,0.04547699803614305
1394,Engineering,35.0,34466.7574051332,10.0,Medium,7.362788387101445,4.45133636144739
1395,Finance,51.0,86423.87841135924,2.0,Excellent,1.5642065945967927,4.7504228892607285
1396,Finance,-56.0,82505.02511237437,19.0,Low,8.554046431204021,5.076251206765839
1397,Finance,42.0,63740.126569286665,29.0,Medium,1.034379303927248,1.3855051151320081
1398,Sales,58.0,73362.98537023884,,Medium,3.2214148228171204,6.259739163161683
1399,HR,26.0,48775.579796497695,25.0,Excellent,7.668136505368643,0.47920477802918
1400,Marketing,40.0,98968.89905663372,3.0,High,3.846431347563761,1.111159437946992
1401,Sales,35.0,65206.0105094338,17.0,Medium,1.9170314925941216,10.496998808902605
1402,Finance,47.0,136880.980312419,22.0,Medium,4.242105269203851,6.710873543226646
1403,Engineering,25.0,71487.97398577935,,High,3.4335395774607296,0.06920449429463241
1404,Finance,46.0,59807.623179033806,2.0,Low,8.584407119444993,1.4275971324184038
1405,HR,46.0,66753.73762530276,21.0,Excellent,3.8201312582662883,1.2065788712923633
1406,Finance,39.0,46760.78046911497,10.0,High,8.100392245984064,1.579079571346389
1407,Engineering,29.0,84645.43781405885,14.0,Medium,9.026849303296613,1.4221685722856123
1408,HR,35.0,,21.0,Excellent,4.904356776188766,0.3228328516165735
1409,Finance,53.0,97625.05580795475,27.0,Medium,9.189488294689529,3.0711302767106776
1410,HR,59.0,69505.05009651165,4.0,Excellent,4.395862485668736,6.597544483496352
1411,Marketing,54.0,102688.84223371293,19.0,High,9.676705748410974,4.666316328474586
1412,Marketing,44.0,90149.11498634082,9.0,High,1.8036057207301563,5.587013671515734
1413,Finance,36.0,75571.93553436689,11.0,Medium,7.183173398529185,0.42315748414097476
1414,HR,54.0,106604.65174701643,14.0,Excellent,5.444326364112358,15.129999783170069
1415,Engineering,46.0,94045.86922074419,,Medium,4.488839249100824,9.115997865791446
1416,Finance,38.0,133924.2565332645,9.0,Medium,6.694406908737408,8.176094997440988
1417,Marketing,54.0,66810.89510043591,5.0,Low,7.334713824708981,8.657570268273654
1418,Marketing,23.0,76532.32210916921,17.0,High,1.0392694268527818,13.493755965981919
1419,Finance,35.0,106374.1802202186,12.0,Medium,2.5025777987247886,3.9290978392501765
1420,HR,27.0,44129.24376329775,2.0,High,7.417414455708868,1.1174806789967353
1421,Marketing,27.0,101338.87126465124,29.0,Excellent,6.997468722203858,4.795777283987891
1422,HR,24.0,83786.05515362942,23.0,Low,9.694427546158096,6.791090931174177
1423,Marketing,28.0,57235.78489105504,9.0,High,7.849340112257047,6.695477661867003
1424,Marketing,29.0,47739.20682897757,29.0,Medium,9.556954369582042,3.684962705983576
1425,Sales,36.0,61550.21053739432,13.0,Excellent,7.322864513813263,0.35457386793518536
1426,Marketing,50.0,29303.608553488557,5.0,High,3.6824698777549885,2.319017953781472
1427,Engineering,54.0,65209.211126169925,2.0,Medium,1.9482843002577082,12.676787293516332
1428,Finance,51.0,87451.12666685163,,High,8.03641477010442,4.390748556865408
1429,Finance,48.0,65473.987180623444,6.0,Medium,6.797342993283243,3.864545690174431
1430,HR,57.0,102766.25402867617,19.0,Medium,1.433674111539666,1.5657072429293193
1431,Marketing,50.0,108198.95205450576,13.0,High,4.240454193108805,2.297882267765736
1432,Engineering,59.0,100512.88965251549,8.0,Medium,9.611198339358575,11.28548230029503
1433,HR,54.0,79612.8182052873,14.0,Medium,5.503610311391811,5.490008088730326
1434,Sales,-58.0,28506.414550270616,20.0,Medium,4.894562224177342,7.741408965374802
1435,HR,48.0,60926.050159347884,2.0,High,5.119296446433646,3.0288457321064928
1436,HR,54.0,72159.22946451226,1.0,Medium,2.8799445160464736,4.974603286775109
1437,Marketing,25.0,57122.64700990378,26.0,Medium,4.318364537783157,1.4276460159816908
1438,Sales,43.0,72209.89049026858,1.0,High,4.328319303884589,6.111716403019921
1439,HR,23.0,107201.34937386759,2.0,High,1.4711951816872517,2.7895978066118117
1440,Engineering,31.0,42084.46940969364,17.0,Low,7.908108656661264,2.921872099519876
1441,Engineering,26.0,111233.84112238053,13.0,Medium,4.7485398871349105,5.239438905266018
1442,Finance,31.0,92694.52843508274,19.0,Low,8.39961898134781,13.766332735548692
1443,Sales,54.0,80364.3361655539,,Medium,8.653132010079059,0.3307329154614954
1444,Sales,59.0,60727.66888518473,,Medium,2.9079464922879223,8.70751582603576
1445,Finance,34.0,57520.99309017149,24.0,High,6.916181339531157,1.729262240730678
1446,HR,52.0,42475.6457082252,1.0,High,5.250536237466836,2.9342106461394817
1447,Sales,57.0,109335.30960628774,24.0,High,8.921410641293367,0.11078495994734697
1448,Engineering,45.0,105752.23120148083,28.0,Medium,2.941666112588087,1.790852292848194
1449,Engineering,36.0,46874.30742833436,21.0,High,7.100318802790398,3.4921178073381465
1450,Marketing,50.0,63947.440101875975,0.0,Medium,6.469769100274503,0.28907826423977495
1451,Sales,29.0,83662.89538463818,3.0,Excellent,3.6577132981464953,3.377476767819873
1452,HR,26.0,69009.81723655584,13.0,High,2.2294081328605535,13.094062255622891
1453,Finance,50.0,36626.504859363646,0.0,Low,6.8647578442954895,0.5568550354541228
1454,Finance,25.0,61844.54478888623,13.0,High,7.647377123190976,7.228963558694006
1455,HR,33.0,114020.68596040038,15.0,Medium,3.84064609387015,2.6353768039866257
1456,Marketing,23.0,63200.42819171112,21.0,High,6.803493436200824,5.323572545600616
1457,Finance,48.0,71730.65326595586,13.0,Low,4.556178168503529,1.5071243545728261
1458,Sales,52.0,52096.45151929239,28.0,Medium,7.41886194954356,0.8687456019759164
1459,Marketing,57.0,86755.25970567497,19.0,Excellent,2.792937474046478,0.8745213506410947
1460,Sales,57.0,77303.03598049168,,Medium,9.01193502372557,0.3654990330033584
1461,Engineering,47.0,60159.60516886043,2.0,High,3.5866863681902177,1.0268049183884456
1462,Marketing,48.0,48906.892083851504,8.0,Medium,4.310073889805376,5.456486318931661
1463,Finance,26.0,103090.86748021751,5.0,High,1.522827568723148,10.672260761290975
1464,Marketing,41.0,42889.131867178396,24.0,High,2.0036099108914875,8.413422813307038
1465,Marketing,-32.0,85076.3139117911,12.0,Medium,5.642757124410953,5.778045558182285
1466,Marketing,31.0,,20.0,Medium,3.4083340905517434,0.5850958690531574
1467,Marketing,59.0,89144.23366024764,1.0,Medium,8.51932203167975,1.7067326074221483
1468,Sales,27.0,94405.97774520122,7.0,Low,1.1322404978945846,1.8539191485798179
1469,Engineering,29.0,96895.67423279826,20.0,Medium,4.411846438047426,1.4381233464810095
1470,HR,44.0,71775.83062860263,1.0,High,4.0361099209218345,3.618090288086634
1471,Marketing,47.0,106680.07211127391,3.0,Excellent,1.1739486782584092,3.83454791469922
1472,Finance,33.0,121155.83389992136,24.0,Excellent,2.119315591004592,2.207166189586289
1473,Marketing,47.0,68567.53727908073,14.0,High,4.722784074267717,2.183147243924161
1474,Finance,34.0,65979.89939740144,3.0,High,5.43578126002702,8.817481254885438
1475,Sales,39.0,77983.5452068987,12.0,High,4.638607725293822,7.786430081345391
1476,Finance,46.0,65446.39708211586,27.0,Medium,5.778439105708845,1.8393716297835185
1477,HR,54.0,62522.596079797586,11.0,Excellent,6.356185074151134,12.254755242514166
1478,Engineering,33.0,64265.229195169806,27.0,High,1.0893143901505207,15.268397969230026
1479,Finance,-57.0,109315.1201601249,12.0,High,5.176856435081535,1.978137348938951
1480,Finance,25.0,90437.63990070864,13.0,Low,9.671493167988295,2.1880690356209325
1481,Engineering,26.0,,19.0,Medium,5.671290521165939,3.5223972788543008
1482,HR,58.0,25897.499485554283,17.0,Medium,7.097880407130579,14.161338022406763
1483,Marketing,29.0,44110.710127870654,28.0,Excellent,3.8067747212519487,10.450265554463936
1484,Finance,49.0,85068.58165203755,27.0,Medium,7.965922403374863,0.5410894290702714
1485,Engineering,-52.0,32568.88117222365,5.0,Medium,7.956293336885036,2.4939150011702385
1486,Sales,30.0,80859.87054903911,28.0,Excellent,5.69166442888725,4.030137157340868
1487,Engineering,50.0,53688.72550269949,10.0,Low,9.784124409512922,3.4971591639203408
1488,Sales,35.0,,29.0,Medium,2.1299519328638805,1.0775083000408872
1489,HR,43.0,76277.12602668286,1.0,Low,1.152528984006229,9.788483684779266
1490,Marketing,32.0,77411.79867781421,,High,7.931423905813864,5.649598190940283
1491,Engineering,44.0,67111.56305842959,22.0,Excellent,8.264399836283943,9.097967581497205
1492,Finance,22.0,66454.28748784536,18.0,Medium,2.0818650620851864,9.786625034027141
1493,HR,58.0,,18.0,Excellent,3.390245496627455,6.898696535848757
1494,Engineering,42.0,84677.8463448378,4.0,Medium,1.1579712702996603,2.892049236190386
1495,Finance,47.0,91103.85349561897,18.0,Excellent,3.639777497025082,4.715057297135249
1496,Engineering,57.0,50620.54954927748,1.0,High,7.958276865268044,0.873942445366517
1497,Sales,44.0,73967.4305541546,9.0,High,5.6616447494132105,5.598854061247785
1498,Engineering,22.0,78931.64146975476,24.0,Low,4.132860338514593,0.9877034469695107
1499,Engineering,36.0,78675.42269246084,1.0,Excellent,4.345653654156973,5.920027268512381
1500,Engineering,42.0,78335.39239193035,29.0,High,1.0121826314392135,1.3042151555503232
1040,Marketing,30.0,98330.01659850212,5.0,Excellent,8.910810102540406,12.473927009813524
1457,Finance,48.0,71730.65326595586,13.0,Low,4.556178168503529,1.5071243545728261
1480,Finance,25.0,90437.63990070864,13.0,Low,9.671493167988295,2.1880690356209325
1269,Finance,45.0,62242.93806541118,13.0,Medium,2.3391637246460406,8.494848005046627
1497,Sales,44.0,73967.4305541546,9.0,High,5.6616447494132105,5.598854061247785
1093,Sales,37.0,73714.14625779004,20.0,Medium,6.5535986450602115,0.8817258724042814
1193,HR,59.0,22054.942402049826,27.0,Medium,2.961032988294911,1.281726725915564
1249,HR,35.0,62907.444427965405,28.0,Medium,6.124396250640545,19.204438111263077
1234,HR,50.0,45003.26177352911,22.0,Medium,1.5188282397912238,2.304472380936284
1120,Marketing,49.0,48345.11058423431,15.0,High,2.030388742593146,2.5361324214142518
1190,Sales,32.0,102771.82242888365,21.0,High,7.094085757615084,3.6960622046693654
1183,Engineering,38.0,95377.73990444961,12.0,Medium,1.229029839151758,1.6597195097022186
1255,Engineering,51.0,,6.0,Low,5.887221255618969,3.4284627066052793
1122,HR,34.0,70686.28946197485,20.0,Low,5.106128580599878,24.994780379511752
1174,HR,29.0,71919.26568066535,3.0,High,7.350272763794422,8.326830208309165
1105,Engineering,29.0,94003.56959057135,14.0,Medium,4.699189677389912,2.2082809591005335
1340,HR,26.0,87123.30181222913,22.0,High,1.6508482773214475,5.3465694969159205
1465,Marketing,32.0,85076.3139117911,12.0,Medium,5.642757124410953,5.778045558182285
1152,Engineering,52.0,73484.58345557093,29.0,Low,2.1070296561137107,3.6355717949754327
1139,Marketing,46.0,80955.20501836794,15.0,High,8.863287341197106,12.519779908948435
